APP1,APP2,APP3
baidu video,Pure Writer,Mobile Postcard
baidu video,Pure Writer,Eats
baidu video,Pure Writer,Fine Cleaner
baidu video,Pure Writer,GMA
baidu video,Pure Writer,Maurys
baidu video,Pure Writer,Lite
baidu video,Pure Writer,Fast Cleaner
baidu video,Pure Writer,Baylor Lariat
baidu video,Pure Writer,WICZ
baidu video,Pure Writer,Happie Help
baidu video,Pure Writer,Hjerteassistance
baidu video,Pure Writer,Elves Dwarfs
baidu video,Pure Writer,Di-Sales
baidu video,Pure Writer,Meta Smart
baidu video,Pure Writer,Weather
baidu video,Pure Writer,HealthIO
baidu video,Pure Writer,My Islam
baidu video,Pure Writer,UrduTextPoetry
baidu video,Pure Writer,Online Shopping Ireland
baidu video,Pure Writer,ProTube
baidu video,Pure Writer,ÃÂ§ÃÂªÃÂÃÂ§ÃÂ
baidu video,Pure Writer,Engie For You
baidu video,Pure Writer,TÃÂ°M
baidu video,Pure Writer,Space Cleaner
baidu video,Pure Writer,TanQyou EV Charge
baidu video,Pure Writer,ÃÂÃÂÃÂ-2110-2112
baidu video,Pure Writer,Ã­ÂÂ°Ã«ÂªÂ¬
baidu video,Pure Writer,HiOS Launcher
baidu video,Pure Writer,XOS Launcher
baidu video,Pure Writer,High Heels!
baidu video,Pure Writer,Buddhism Browser
baidu video,Pure Writer,Classic Bowling
baidu video,Pure Writer,ETERNAL LIFE TV
baidu video,Pure Writer,WhatsApp
baidu video,Pure Writer,WhatsAppÃÂ Business
baidu video,Pure Writer,Pesca de bichos
baidu video,Pure Writer,Targets Attack
baidu video,Pure Writer,Monis
baidu video,Pure Writer,CÃÂ©gtÃÂ¡r
baidu video,Pure Writer,CarigeMobile
baidu video,Pure Writer,Edunation
baidu video,Pure Writer,EÃÂitim-Bir-Sen
baidu video,Pure Writer,WaTawakkal.Android
baidu video,Pure Writer,WaTawakkal
baidu video,Pure Writer,Rutes Reus
baidu video,Pure Writer,AIGL Multi-Currency e-Wallet
baidu video,Pure Writer,Barcode Generator
baidu video,Pure Writer,Serasa
baidu video,Pure Writer,KCN NET
baidu video,Pure Writer,Indclues
baidu video,Pure Writer,Music & Computer
baidu video,Pure Writer,Wholesale NM Pro Store
baidu video,Pure Writer,Easy Banking
baidu video,Pure Writer,Fintro
baidu video,Pure Writer,CarSale France Buy Sell List
baidu video,Pure Writer,CarSale Luxembourg Buy Sell
baidu video,Pure Writer,CarSale UK Buy Sell List
baidu video,Pure Writer,CarSale USA Buy Sell List
baidu video,Pure Writer,CarSaleApp.com Buy Sell List
baidu video,Pure Writer,photoTAN
baidu video,Pure Writer,DG COUPON
baidu video,Pure Writer,Hora do Emprego DF
baidu video,Pure Writer,CartografÃÂ­a de EspaÃÂ±a
baidu video,Pure Writer,MX Player
baidu video,Pure Writer,Just Speak
baidu video,Pure Writer,R E D I A
baidu video,Pure Writer,Santander
baidu video,Pure Writer,Cash Miir
baidu video,Pure Writer,Signification PrÃÂ©nom
baidu video,Pure Writer,mystc
baidu video,Pure Writer,VBBS
baidu video,Pure Writer,Vishal Modern School
baidu video,Pure Writer,Voatz
baidu video,Pure Writer,The Bump
baidu video,Pure Writer,SkinFRLegends
baidu video,Pure Writer,YGN Net
baidu video,Pure Writer,POSTNÃÂ KAPKY
baidu video,Pure Writer,Express Money
baidu video,Pure Writer,ADVENT ToolBoX
baidu video,Pure Writer,IBNAS VTU
baidu video,Pure Writer,Inspiration
baidu video,Pure Writer,Intelligence Clouds
baidu video,Pure Writer,Invoice Maker
baidu video,Pure Writer,Leaf Note
baidu video,Pure Writer,OBIM Telecom
baidu video,Pure Writer,Poost
baidu video,Pure Writer,QR Generator
baidu video,Pure Writer,QR Generator Pro
baidu video,Pure Writer,ÃÂÃÂ°ÃÂÃÂ°ÃÂÃÂ¾ÃÂ»ÃÂºÃÂ° ÃÂÃÂÃÂ 
baidu video,Pure Writer,Samora VTU
baidu video,Pure Writer,MapForHam
baidu video,Pure Writer,Winners Chapel Abayi
baidu video,Pure Writer,Winners Chapel Aduwawa
baidu video,Pure Writer,Winners Chapel Rumuodomaya
baidu video,Pure Writer,Winners Chapel Ulasi
